[{"id":1,"lastName":"Szalacsixxx","firstName":"Sándor","email":"na@gmail.com","phone":"651651651","relatives":"Józsi","active":true},{"id":2,"lastName":"Valamilyen","firstName":"Árpád","email":"na@gmail.com","phone":"651651651","relatives":"Józsi","active":true},{"id":3,"lastName":"Piros","firstName":"Magdolna","email":"na@gmail.com","phone":"651651651","relatives":"Józsi","active":false},{"id":4,"lastName":"Szabó","firstName":"Péter","email":"up@gmail.com","phone":"+36705632145","relatives":"","active":true},{"id":5,"lastName":"Arnold","firstName":"Mihály","email":"arnold.mihaly@gmail.com","phone":"362154785","relatives":"","active":true},{"id":6,"lastName":"László","firstName":"Rossu","email":"lala@intralog.hu","phone":"309967670","relatives":"sdfsdf","active":true}]